Rank,Website / Publication,Focus,Base URL,Key Section for Work Visa News,Section URL
1,IMI Daily (Investment Migration Insider),Global CBI/RBI + work visa news,https://www.imidaily.com,Work Visa & Residency Coverage,https://www.imidaily.com/category/visas-residence/
2,Henley & Partners,"Global mobility, passport index, investment migration",https://www.henleyglobal.com,Newsroom / Press Releases,https://www.henleyglobal.com/newsroom/press-releases
3,Fragomen Insights,Corporate immigration law updates worldwide,https://www.fragomen.com,Immigration Alerts & Weekly Update,https://www.fragomen.com/insights/index.html
4,Fragomen – Worldwide Trends Reports,Annual immigration trend analysis,https://www.fragomen.com,Worldwide Immigration Trends Reports,https://www.fragomen.com/trending/worldwide-immigration-trends-reports/index.html
5,Expatica,Expat living & work visa practical guides,https://www.expatica.com,Working Abroad / Visa Guides,https://www.expatica.com/working/working-abroad/
6,Nomad Gate,"Digital nomad visas, remote work, residency programs",https://nomadgate.com,Residency & Visa Guides,https://nomadgate.com/category/residency/
7,Global Citizen Solutions,"CBI, RBI, golden visa, work residency",https://www.globalcitizensolutions.com,News & Country Guides,https://www.globalcitizensolutions.com/news/
8,Migrate World,Investment immigration & work residency,https://www.migrateworld.com,Blog / Country Guides,https://www.migrateworld.com/blog/
9,KPMG Global Immigration Hub,Corporate immigration tax & compliance,https://www.kpmg.com/xx/en/home/insights/global-immigration.html,Immigration & Travel Alerts,https://www.kpmg.com/xx/en/home/insights/global-immigration.html
10,Envoy Global Immigration Insights,Corporate immigration news & compliance,https://www.envoyglobal.com/resources/,Immigration News / Country Guides,https://www.envoyglobal.com/resources/immigration-news/